Mean Difference,Lower CI,Upper CI
-0.00580861543660629,-0.02178598590244237,0.008889997270927158
