Model,MSE,RMSE,R2
Linear Regression,41998.45522347543,204.93524641572867,0.19846451493376027
Ridge Regression,41922.568556589256,204.75001479020523,0.1999128028774242
