Model,Mean AUC,Std AUC
Gradient Boosting,0.878826057944378,0.0059632782130708386
Logistic Regression,0.864730854722089,0.007679514797699512
Random Forest,0.8610119991827434,0.016551914077221272
Decision Tree,0.7240360174766438,0.03143309036264497
